{
  "Fortpflanzung": {
    "farbeHintergrund": "#FFF8E1",
    "farbeText": "#6D4C41",
    "farbeAkzent": "#FFB300",
    "symbol": "heart"
  },
  "Tragzeit": {
    "farbeHintergrund": "#E8F5E9",
    "farbeText": "#1B5E20",
    "farbeAkzent": "#66BB6A",
    "symbol": "baby"
  },
  "Setzzeit": {
    "farbeHintergrund": "#F1F8E9",
    "farbeText": "#33691E",
    "farbeAkzent": "#AED581",
    "symbol": "seedling"
  },
  "Geweihabwurf": {
    "farbeHintergrund": "#ECEFF1",
    "farbeText": "#37474F",
    "farbeAkzent": "#90A4AE",
    "symbol": "cut"
  },
  "Geweih verfegen": {
    "farbeHintergrund": "#FFF3E0",
    "farbeText": "#E65100",
    "farbeAkzent": "#FF8A65",
    "symbol": "broom"
  },
  "Jagdzeit Böcke (in Brandenburg)": {
    "farbeHintergrund": "#E3F2FD",
    "farbeText": "#0D47A1",
    "farbeAkzent": "#42A5F5",
    "symbol": "crosshairs"
  },
  "Jagdzeit Ricken (in Brandenburg)": {
    "farbeHintergrund": "#FCE4EC",
    "farbeText": "#880E4F",
    "farbeAkzent": "#F06292",
    "symbol": "crosshairs"
  }
}