{
  "tierart": "Rehwild",
  "kategorien": [
    {
      "name": "Fortpflanzung",
      "ereignisse": [
        {
          "zeit": "Juli - August",
          "text": "Brunft",
          "tooltip": "Rehböcke paaren sich mit den Ricken – die Hauptpaarungszeit des Rehwilds."
        }
      ]
    },
    {
      "name": "Tragzeit",
      "ereignisse": [
        {
          "zeit": "August - Mai",
          "text": "Tragzeit",
          "tooltip": "Durch Keimruhe verlängert sich die Tragzeit auf ca. 9 Monate."
        }
      ]
    },
    {
      "name": "Setzzeit",
      "ereignisse": [
        {
          "zeit": "Mai - Juni",
          "text": "Setzzeit",
          "tooltip": "Die Ricken setzen ihre Kitze meist im Mai oder Juni."
        }
      ]
    },
    {
      "name": "Geweihabwurf",
      "ereignisse": [
        {
          "zeit": "Oktober - November",
          "text": "Abwurf des Geweihs",
          "tooltip": "Rehböcke werfen ihr Geweih in der Regel im Herbst ab."
        }
      ]
    },
    {
      "name": "Geweih verfegen",
      "ereignisse": [
        {
          "zeit": "März - April",
          "text": "Verfegen",
          "tooltip": "Das fertig entwickelte Geweih wird von der Basthaut befreit."
        }
      ]
    },
    {
      "name": "Jagdzeit Böcke (in Brandenburg)",
      "ereignisse": [
        {
          "zeit": "15. April - 15. Oktober",
          "text": "Jagdzeit Böcke",
          "tooltip": "In Brandenburg dürfen Rehböcke in diesem Zeitraum bejagt werden."
        }
      ]
    },
    {
      "name": "Jagdzeit Ricken (in Brandenburg)",
      "ereignisse": [
        {
          "zeit": "1. September - 31. Januar",
          "text": "Jagdzeit Ricken",
          "tooltip": "Ricken und Kälber sind in diesem Zeitraum jagdbar."
        }
      ]
    }
  ]
}